sample_id,POS,DP
barcode14,76,25
barcode14,159,24
barcode14,188,24
barcode14,239,22
barcode14,242,22
barcode14,260,21
barcode14,268,20
barcode14,284,22
barcode14,314,18
barcode14,1319,10
barcode14,1324,10
barcode14,1326,10
barcode14,1339,10
barcode14,1344,10
barcode14,1348,10
barcode14,1384,10
barcode14,1386,10
barcode14,1392,10
barcode14,1395,11
barcode14,1398,11
barcode14,1404,11
barcode14,1408,11
barcode14,1409,11
barcode14,1426,14
barcode14,1431,13
barcode14,1446,13
barcode14,1464,15
barcode14,1465,15
barcode14,1466,15
barcode14,1475,14
barcode14,1524,15
barcode14,1586,15
barcode14,1592,17
barcode14,1593,17
barcode14,1599,17
barcode14,1620,18
barcode14,1623,18
barcode14,1629,18
barcode14,1644,19
barcode14,1666,19
barcode14,1699,19
barcode14,1707,22
barcode14,1753,18
barcode14,1780,19
barcode14,1781,19
barcode14,1790,19
barcode14,2938,13
barcode14,2948,13
barcode14,2950,13
barcode14,2951,13
barcode14,2957,14
barcode14,2958,14
barcode14,2978,13
barcode14,2983,14
barcode14,2985,14
barcode14,2986,14
barcode14,2992,14
barcode14,3008,14
barcode14,3012,14
barcode14,3024,13
barcode14,3026,14
barcode14,3032,14
barcode14,3035,14
barcode14,3045,14
barcode14,3052,14
barcode14,3057,14
barcode14,3059,14
barcode14,3067,14
barcode14,3069,14
barcode14,3104,12
